ID,Type,SKU,Name,Published,"Is featured?","Visibility in catalog","Short description",Description,"Tax status","In stock?","Sold individually?",Virtual,Downloadable,"Regular price","Sale price",Categories,Tags,Position,"Meta: _dmc_calc"
,simple,FF-100,"Free Fire — 100 diamants",1,1,visible,"100 diamants crédités directement sur votre compte Free Fire.","<p>Recharge officielle de 100 diamants Free Fire, livrée sur le Player ID indiqué. Livraison automatique en quelques minutes après paiement.</p><p><strong>Où trouver mon Player ID ?</strong> Dans le jeu, touchez votre avatar en haut à gauche : l'identifiant est sous votre pseudo.</p>",none,1,1,1,0,165,,Jeux,"free-fire, jeux",1,"{""enabled"":1,""fields"":[{""id"":""player_id"",""label"":""Player ID"",""type"":""text"",""required"":1,""placeholder"":""Ex. 123456789"",""pattern"":""[0-9]{5,20}"",""min_length"":5,""max_length"":20,""description"":""Vérifiez bien : une recharge envoyée sur un mauvais identifiant n'est pas récupérable."",""help_text"":""Ouvrez Free Fire, touchez votre avatar en haut à gauche de l'écran d'accueil : l'ID est affiché sous votre pseudo.""}]}"
,simple,FF-310,"Free Fire — 310 diamants",1,1,visible,"310 diamants crédités directement sur votre compte Free Fire.","<p>Recharge officielle de 310 diamants Free Fire, livrée sur le Player ID indiqué.</p>",none,1,1,1,0,480,,Jeux,"free-fire, jeux",2,"{""enabled"":1,""fields"":[{""id"":""player_id"",""label"":""Player ID"",""type"":""text"",""required"":1,""placeholder"":""Ex. 123456789"",""pattern"":""[0-9]{5,20}"",""min_length"":5,""max_length"":20,""description"":""Vérifiez bien : une recharge envoyée sur un mauvais identifiant n'est pas récupérable."",""help_text"":""Ouvrez Free Fire, touchez votre avatar en haut à gauche de l'écran d'accueil : l'ID est affiché sous votre pseudo.""}]}"
,simple,FF-520,"Free Fire — 520 diamants",1,1,visible,"520 diamants, notre recharge la plus demandée.","<p>Recharge officielle de 520 diamants Free Fire, livrée sur le Player ID indiqué.</p>",none,1,1,1,0,800,750,Jeux,"free-fire, jeux",3,"{""enabled"":1,""fields"":[{""id"":""player_id"",""label"":""Player ID"",""type"":""text"",""required"":1,""placeholder"":""Ex. 123456789"",""pattern"":""[0-9]{5,20}"",""min_length"":5,""max_length"":20,""description"":""Vérifiez bien : une recharge envoyée sur un mauvais identifiant n'est pas récupérable."",""help_text"":""Ouvrez Free Fire, touchez votre avatar en haut à gauche de l'écran d'accueil : l'ID est affiché sous votre pseudo.""}]}"
,simple,FF-1060,"Free Fire — 1060 diamants",1,0,visible,"1060 diamants crédités directement sur votre compte Free Fire.","<p>Recharge officielle de 1060 diamants Free Fire, livrée sur le Player ID indiqué.</p>",none,1,1,1,0,1600,,Jeux,"free-fire, jeux",4,"{""enabled"":1,""fields"":[{""id"":""player_id"",""label"":""Player ID"",""type"":""text"",""required"":1,""placeholder"":""Ex. 123456789"",""pattern"":""[0-9]{5,20}"",""min_length"":5,""max_length"":20,""description"":""Vérifiez bien : une recharge envoyée sur un mauvais identifiant n'est pas récupérable."",""help_text"":""Ouvrez Free Fire, touchez votre avatar en haut à gauche de l'écran d'accueil : l'ID est affiché sous votre pseudo.""}]}"
,simple,PUBG-60,"PUBG Mobile — 60 UC",1,0,visible,"60 UC crédités sur votre compte PUBG Mobile.","<p>Recharge de 60 UC PUBG Mobile sur l'identifiant joueur indiqué.</p>",none,1,1,1,0,175,,Jeux,"pubg, jeux",5,"{""enabled"":1,""fields"":[{""id"":""player_id"",""label"":""ID joueur PUBG"",""type"":""text"",""required"":1,""placeholder"":""Ex. 5123456789"",""pattern"":""[0-9]{6,20}"",""help_text"":""Dans PUBG Mobile, ouvrez votre profil : l'ID est affiché sous votre pseudo.""}]}"
,simple,PUBG-325,"PUBG Mobile — 325 UC",1,0,visible,"325 UC crédités sur votre compte PUBG Mobile.","<p>Recharge de 325 UC PUBG Mobile sur l'identifiant joueur indiqué.</p>",none,1,1,1,0,850,,Jeux,"pubg, jeux",6,"{""enabled"":1,""fields"":[{""id"":""player_id"",""label"":""ID joueur PUBG"",""type"":""text"",""required"":1,""placeholder"":""Ex. 5123456789"",""pattern"":""[0-9]{6,20}"",""help_text"":""Dans PUBG Mobile, ouvrez votre profil : l'ID est affiché sous votre pseudo.""}]}"
,simple,MLBB-86,"Mobile Legends — 86 diamants",1,0,visible,"86 diamants sur votre compte Mobile Legends.","<p>Recharge de 86 diamants Mobile Legends: Bang Bang. Indiquez votre ID utilisateur et l'ID de zone (entre parenthèses dans le jeu).</p>",none,1,1,1,0,175,,Jeux,"mobile-legends, jeux",7,"{""enabled"":1,""fields"":[{""id"":""user_id"",""label"":""ID utilisateur"",""type"":""text"",""required"":1,""placeholder"":""Ex. 123456789"",""pattern"":""[0-9]{5,15}""},{""id"":""zone_id"",""label"":""ID de zone"",""type"":""text"",""required"":1,""placeholder"":""Ex. 1234"",""pattern"":""[0-9]{3,6}"",""help_text"":""Sur votre profil Mobile Legends, l'ID s'affiche sous la forme 123456789 (1234) : le premier nombre est l'ID utilisateur, celui entre parenthèses l'ID de zone.""}]}"
,simple,NFX-1M,"Netflix Premium — 1 mois",1,1,visible,"Un mois de Netflix en qualité 4K, activé sur votre e-mail.","<p>Abonnement Netflix Premium d'un mois. Après paiement, les identifiants ou l'activation sont envoyés à l'e-mail indiqué et restent visibles dans votre espace client.</p>",none,1,1,1,0,950,850,Abonnement,"netflix, streaming, abonnement",1,"{""enabled"":1,""fields"":[{""id"":""account_email"",""label"":""E-mail du compte"",""type"":""email"",""required"":1,""placeholder"":""nom@exemple.com"",""description"":""L'abonnement sera activé ou envoyé sur cet e-mail.""}]}"
,simple,SPOT-1M,"Spotify Premium — 1 mois",1,0,visible,"Musique sans pub, hors ligne, sur votre compte Spotify.","<p>Abonnement Spotify Premium d'un mois, appliqué sur votre compte existant.</p>",none,1,1,1,0,450,,Abonnement,"spotify, streaming, abonnement",2,"{""enabled"":1,""fields"":[{""id"":""account_email"",""label"":""E-mail du compte Spotify"",""type"":""email"",""required"":1,""placeholder"":""nom@exemple.com""}]}"
,simple,CANVA-1Y,"Canva Pro — 1 an",1,0,visible,"Canva Pro pendant 12 mois, invitation sur votre e-mail.","<p>Accès Canva Pro d'un an par invitation d'équipe, envoyé à l'e-mail indiqué.</p>",none,1,1,1,0,1500,,Abonnement,"canva, abonnement",3,"{""enabled"":1,""fields"":[{""id"":""account_email"",""label"":""E-mail Canva"",""type"":""email"",""required"":1,""placeholder"":""nom@exemple.com""}]}"
,simple,GP-10,"Google Play — 10 $ (US)",1,1,visible,"Code Google Play de 10 $, région États-Unis.","<p>Carte cadeau Google Play de 10 $ (compte Google en région US). Le code est affiché après paiement et conservé dans votre espace client.</p>",none,1,1,1,0,1450,,"Gift Card","google-play, gift-card",1,
,simple,IT-10,"iTunes / App Store — 10 $ (US)",1,0,visible,"Code App Store & iTunes de 10 $, région États-Unis.","<p>Carte cadeau App Store & iTunes de 10 $ (compte Apple en région US).</p>",none,1,1,1,0,1450,,"Gift Card","itunes, apple, gift-card",2,
,simple,PSN-10,"PlayStation Store — 10 $ (US)",1,0,visible,"Code PlayStation Store de 10 $, région États-Unis.","<p>Carte PlayStation Store de 10 $ (compte PSN en région US).</p>",none,1,1,1,0,1500,,"Gift Card","playstation, gift-card",3,
,simple,STEAM-10,"Steam — 10 $ (US)",1,0,visible,"Code Steam de 10 $, région États-Unis.","<p>Carte cadeau Steam de 10 $ (compte Steam en région US).</p>",none,1,1,1,0,1500,,"Gift Card","steam, gift-card",4,
,simple,AMZ-25,"Amazon — 25 $ (US)",1,0,visible,"Carte cadeau Amazon.com de 25 $.","<p>Carte cadeau Amazon.com de 25 $ (utilisable sur amazon.com).</p>",none,1,1,1,0,3500,,"Gift Card","amazon, gift-card",5,
,simple,USDT-10,"Achat USDT — 10 USDT (via MonCash)",1,1,visible,"Recevez 10 USDT (TRC20) contre un paiement MonCash.","<p>Échange MonCash vers USDT. Indiquez votre adresse USDT (réseau TRC20) : le transfert est effectué après vérification du paiement, généralement sous 30 minutes.</p>",none,1,1,1,0,1450,,Échanges,"usdt, moncash, crypto, echanges",1,"{""enabled"":1,""fields"":[{""id"":""usdt_address"",""label"":""Adresse USDT (TRC20)"",""type"":""text"",""required"":1,""placeholder"":""T..."",""pattern"":""T[A-Za-z0-9]{33}"",""description"":""Adresse commençant par T, 34 caractères. Une adresse erronée entraîne la perte des fonds.""},{""id"":""moncash_number"",""label"":""Numéro MonCash utilisé"",""type"":""tel"",""required"":1,""placeholder"":""509 XX XX XX XX""}]}"
,simple,WAL-500,"Recharge Delicat Wallet — 500 G",1,0,visible,"Créditez 500 G sur votre Delicat Wallet.","<p>Recharge de votre solde Delicat Wallet. Le crédit apparaît sur votre compte dès la confirmation du paiement.</p>",none,1,1,1,0,500,,Échanges,"wallet, echanges",2,
,simple,DIGI-100,"Recharge Digicel — 100 G",1,0,visible,"100 G de crédit Digicel envoyés immédiatement.","<p>Recharge Digicel de 100 G sur le numéro indiqué.</p>",none,1,1,1,0,105,,Mobile,"digicel, mobile",1,"{""enabled"":1,""fields"":[{""id"":""phone_number"",""label"":""Numéro Digicel à recharger"",""type"":""tel"",""required"":1,""placeholder"":""509 XX XX XX XX"",""pattern"":""[0-9 +]{8,16}""}]}"
,simple,NAT-250,"Recharge Natcom — 250 G",1,0,visible,"250 G de crédit Natcom envoyés immédiatement.","<p>Recharge Natcom de 250 G sur le numéro indiqué.</p>",none,1,1,1,0,260,,Mobile,"natcom, mobile",2,"{""enabled"":1,""fields"":[{""id"":""phone_number"",""label"":""Numéro Natcom à recharger"",""type"":""tel"",""required"":1,""placeholder"":""509 XX XX XX XX"",""pattern"":""[0-9 +]{8,16}""}]}"
,simple,TT-1000,"TikTok — 1 000 abonnés",1,0,visible,"Boostez votre compte TikTok avec 1 000 abonnés.","<p>Service de visibilité TikTok : 1 000 abonnés livrés progressivement sur le profil indiqué (compte public requis).</p>",none,1,1,1,0,1200,,"Réseaux sociaux","tiktok, reseaux-sociaux",1,"{""enabled"":1,""fields"":[{""id"":""profile_url"",""label"":""Lien du profil TikTok"",""type"":""url"",""required"":1,""placeholder"":""https://www.tiktok.com/@pseudo"",""description"":""Le compte doit être public pendant la livraison.""}]}"
